name,dept,affiliation
Maureen M. Villamor,Institute of Computing,University of Southeastern Philippines
Ma. Mercedes T. Rodrigo,Department of Information Systems and Computer Science,Ateneo de Manila University
Deion C. Menor,Department of Information Systems and Computer Science,Ateneo de Manila University
Cher T. Panlilio,Department of Information Systems and Computer Science,Ateneo de Manila University
Lourdes J. Santiago,Department of Information Systems and Computer Science,Ateneo de Manila University
Andrei D. Coronel,Department of Information Systems and Computer Science,Ateneo de Manila University
Henry N. Adorna,Department of Computer Science,University of the Philippines - Diliman
Jean Malolos,,University of the Philippines - Diliman
Somnath Bera,,Huazhong University of Science and Technology
Joshua Dizon,,Philippine Genome Center
Aldrich Ellis C. Asuncion,Department of Information Systems and Computer Science,Ateneo de Manila University
Brian Christopher T. Guadalupe,Department of Information Systems and Computer Science,Ateneo de Manila University
William Emmanuel S. Yu,Department of Information Systems and Computer Science,Ateneo de Manila University
Proceso Fernandez Jr.,Department of Information Systems and Computer Science,Ateneo de Manila University
Clarisa Albarillo,College of Computer Science,Don Mariano Marcos Memorial State University
Ligaya Leah Lara-Figueroa,,University of the Philippines - Diliman
Ara Abigail Ambita,,University of the Philippines - Diliman
Harvey Ian Arbas,,University of the Philippines - Diliman
Ligaya Leah Lara-Figueroa,Department of Computer Science,University of the Philippines - Diliman
Charles Kevin Verdad,Department of Computer Science,University of the Philippines - Diliman
Maria Isabel S. Saludares,Department of Computer Science,University of the Philippines - Diliman
Michelle P. Banawan,,Ateneo de Davao University
Kennethe Ann Q. Mina,,Ateneo de Davao University
Jasper Haven S. Briones,,Ateneo de Davao University
Dewey L. Sia,,Ateneo de Davao University
Zuleika A. Yee,,Ateneo de Davao University
Conrado R. Ruiz Jr,Software Technology Department,De La Salle University
Christian Terrence Esguerra,Software Technology Department,De La Salle University
Jaime Samaniego,Institute of Computer Science,University of the Philippines - Los Ba​ños
Katrina Joy Abriol-Santos,Institute of Computer Science,University of the Philippines - Los Ba​ños
Maria Art Antonette Clariño,Institute of Computer Science,University of the Philippines - Los Ba​ños
Rocky Marcelino,Institute of Statistics,University of the Philippines - Los Ba​ños
Jorge Gil Angeles,"Philippine Genome Center - Program for Agriculture, Livestock, Forestry, Fisheries",University of the Philippines - Los Ba​ños
Almie Carajay,Institute of Computer Science,University of the Philippines - Los Ba​ños
Victoria May Paguio Mendoza,Department of Computer Science,University of the Philippines - Diliman
Renier G. Mendoza,Department of Computer Science,University of the Philippines - Diliman
Jayrah Bena E. Riñon,Department of Computer Science,University of the Philippines - Diliman
Thelma Palaoag,CITCS Department,University of the Cordilleras
Christian dela Cruz,IT Department,AMA Computer College
Neil Patrick Del Gallego,Software Technology Department,De La Salle University
Arvin Christopher Reyes,Software Technology Department,De La Salle University
Jheanel E. Estrada,College of Information Technology Education,Technological Institute of the Philippines - Manila
Vileser T. Naculangga,College of Information Technology Education,Technological Institute of the Philippines - Manila
John Eddie D. Macias,College of Information Technology Education,Technological Institute of the Philippines - Manila
Francis Percival M. Caparas,College of Information Technology Education,Technological Institute of the Philippines - Manila
Erika Ritzelle P. Bondoc,College of Information Technology Education,Technological Institute of the Philippines - Manila
John Paul C. Vergara,Department of Information Systems and Computer Science,Ateneo de Manila University
Alyssa Nicole N. Ty,Department of Information Systems and Computer Science,Ateneo de Manila University
Carlo D. Mendoza,Department of Information Systems and Computer Science,Ateneo de Manila University
Gabriel K. De Jesus,Department of Information Systems and Computer Science,Ateneo de Manila University
Katrina B. Calpito,Institute of Information and Computing Sciences,University of Santo Tomas
David Jonathan L. Relacion,Institute of Information and Computing Sciences,University of Santo Tomas
Juan Miguel C. Roman,Institute of Information and Computing Sciences,University of Santo Tomas
Trisha Regine P. Wang,Institute of Information and Computing Sciences,University of Santo Tomas
Cecil Jose A. Delfinado,Institute of Information and Computing Sciences,University of Santo Tomas
Victor Romero II,Division of Natural Sciences and Mathematics,University of the Philippines - Visayas Tacloban College
Albuen Jan Rosello,Division of Natural Sciences and Mathematics,University of the Philippines - Visayas Tacloban College
Gener Angelo Lopez,Department of Information Systems and Computer Science,Ateneo de Manila University
Jayce Caylah Ching,Department of Information Systems and Computer Science,Ateneo de Manila University
Patricia Nicole Uy,Department of Information Systems and Computer Science,Ateneo de Manila University
Justin San Pedro,Department of Information Systems and Computer Science,Ateneo de Manila University
Jose Mirabueno,Department of Information Systems and Computer Science,Ateneo de Manila University
Christian Chan,Department of Information Systems and Computer Science,Ateneo de Manila University
Raymund C. Sison,Software Technology Department,De La Salle University
Neila Paglinawan,Department of Computer Science,University of the Philippines - Diliman
Mygel Andrei Martija,Department of Computer Science,University of the Philippines - Diliman
John Paul S. Guzman,Software Technology Department,De La Salle University
Teresita C. Limoanco,Software Technology Department,De La Salle University
Christian Dione Bergantin,School of Information Technology,Mapua University
Camille Bencito,School of Information Technology,Mapua University
Christian Paul Mirano,School of Information Technology,Mapua University
Larry Vea,School of Information Technology,Mapua University
Ruahden F. Dang-awan,Department of Computer Science,University of the Philippines - Diliman
Jansen Keith Domoguen,Department of Computer Science,University of the Philippines - Diliman
Ruji P. Medina,Graduate Studies Program,Technological Institute of the Philippines
Tony Y. T. Chan,Graduate Studies Program,Technological Institute of the Philippines
Edgar Bryan B. Nicart,Graduate Studies Program,Technological Institute of the Philippines
Jerik G. Beltran,Department of Computer Science and Technology,Visayas State University
Winston M. Tabada,Department of Computer Science and Technology,Visayas State University
Kristine Mae M. Adlaon,Information Technology Education,University of the Immaculate Conception
Judith J. Azcarraga,Software Technology Department,De La Salle University
Remedios de Dios Bulos,Software Technology Department,De La Salle University
Christine Lourrine S. Tablatin,Department of Information Systems and Computer Science,Ateneo de Manila University
Joanna Pauline Rivera,Software Technology Department,De La Salle University
Clement Y. Ong,Computer Technology Department,De La Salle University
Richard Bryann L. Chua,Department of Physical Sciences and Mathematics,University of the Philippines - Manila
Berwin Jarret T. Yu,Department of Physical Sciences and Mathematics,University of the Philippines - Manila
Irene Therese Bermejo,Department of Information Systems and Computer Science,Ateneo de Manila University
Jan Nicole Domingo,Department of Information Systems and Computer Science,Ateneo de Manila University
Dion Alfonso Velasco,Department of Information Systems and Computer Science,Ateneo de Manila University
John Cliford Rosales,Department of Information Systems and Computer Science,Ateneo de Manila University
Ma. Regina Estuar,Department of Information Systems and Computer Science,Ateneo de Manila University
Kennedy E. Espina,Department of Information Systems and Computer Science,Ateneo de Manila University
Nikko G. Cabang,,New Era University
Albert A. Vinluan,,New Era University
Jedidiah B. Constantino,,New Era University
Marc Angelo P. Martinez,,New Era University
John Carlo A. Ariola,,Ateneo de Naga University
Jaymee A. Olaño,,Ateneo de Naga University
Mark Arthur A. Caro III,,Ateneo de Naga University
John Sixto G. Santos,,Ateneo de Naga University
Jennifer C. Ureta,Software Technology Department,De La Salle University
Patricia Anne Eugenio,Computer Technology Department,De La Salle University
Gregory Cu,Computer Technology Department,De La Salle University
Fritz Kevin Flores,Computer Technology Department,De La Salle University
Marco C. Lucena,Department of Information Systems and Computer Science,Ateneo de Manila University
Ren Tristan dela Cruz,Department of Computer Science,University of the Philippines - Diliman
Dionne Peter P. Cailipan,Department of Computer Science,University of the Philippines - Diliman
Jym Paul A. Carandang,Department of Computer Science,University of the Philippines - Diliman
Francis George C. Cabarle,Department of Computer Science,University of the Philippines - Diliman
Kelvin C. Buño,Department of Computer Science,University of the Philippines - Diliman
Nestine Hope S. Hernandez,Department of Computer Science,University of the Philippines - Diliman
John Ultra,,University of the Philippines - Visayas Tacloban College
Shenamae Borja,,"Advanced World Solutions, Inc."
Laurenz Adriel Tolentino,Software Technology Department,De La Salle University
Allan Borra,Software Technology Department,De La Salle University
Marrick C. Neri,Institute of Mathematics,University of the Philippines - Diliman
Maryene B. Sy Piecco,Division of Physical Sciences and Mathematics,University of the Philippines - Visayas
Mary Grace Malana,Software Technology Department,De La Salle University
Roger Luis Uy,Computer Technology Department,De La Salle University
Amiel John B. Atienza,,New Era University
Art Maco T. Del Rosario,,New Era University
John Carlo R. Gonzales,,New Era University
Carlo Marco S. Ortiz,,New Era University
Macliing Gabriel Q. Aydinan,Department of Computer Science,University of the Philippines - Diliman
Prospero C. Naval Jr.,Department of Computer Science,University of the Philippines - Diliman
John Eric Z. Sy,Department of Computer Science,University of the Philippines - Diliman
Nikko T. Borja,Software Technology Department,De La Salle University
Ken V. Hosoya,Software Technology Department,De La Salle University
Jared Luke C. Pangilinan,Software Technology Department,De La Salle University
Mervin Stewart C. Uy,Software Technology Department,De La Salle University
Rafael A. Cabredo,Software Technology Department,De La Salle University
Byran G. Dadiz,College of Information Technology Education,Technological Institute of the Philippines - Manila
Kardi Teknomo,Department of Information Systems and Computer Science,Ateneo de Manila University
Alquine Roy F. Taculin,,MSU - Iligan Institute of Technology
Baldip Bhuller,Software Technology Department,De La Salle University
Fritz Kevin Flores,Software Technology Department,De La Salle University
Joshua Manto,Software Technology Department,De La Salle University
Arvin Medina,Software Technology Department,De La Salle University
Naomi Mendaros,Software Technology Department,De La Salle University
Jedidiah Caychingco,Software Technology Department,De La Salle University
Gregory Cu,Software Technology Department,De La Salle University
C.D.S. Ergina,Division of Natural Sciences and Mathematics,University of the Philippines - Visayas Tacloban College
V.M.II Romero,Division of Natural Sciences and Mathematics,University of the Philippines - Visayas Tacloban College
Samantha G. Mallari,,Asia Pacific College
Faith I. Ballesteros,,Asia Pacific College
Eva R. Samillano,,Asia Pacific College
Paulo Miguel S. Capuz,,Asia Pacific College
Lorena R. Rabago,,Asia Pacific College
Ernesto C. Boydon,,Asia Pacific College
Jesus Vicente Roig,,Asia Pacific College
Danen Clint Ocfemi,,University of the Philippines - Visayas Tacloban College
John D. Ultra,,University of the Philippines - Visayas Tacloban College
Vanlalhruaii Swansi,Center for Human Centric Innovations,De La Salle University
Charl Amaba,Department of Computer and Information Sciences,University of San Carlos
Darren Josef M. Kho,Department of Computer and Information Sciences,University of San Carlos
Angie M. Ceniza,Department of Computer and Information Sciences,University of San Carlos
Mark Isaiah Quevedo,Department of Computer and Information Sciences,University of San Carlos
Heinrich Von P. Woogue,Department of Computer and Information Sciences,University of San Carlos
Kim Christian T. Cubillan,Department of Computer and Information Sciences,University of San Carlos
Mary Jane G. Sabellano,Department of Computer and Information Sciences,University of San Carlos
Jose Emmanuel D. Torrijos,Department of Information Systems and Computer Science,Ateneo de Manila University
Adrian Cordero,Department of Information Systems and Computer Science,Ateneo de Manila University
Enrico Sison,Department of Information Systems and Computer Science,Ateneo de Manila University
Maria Regina Justina Estuar,Department of Information Systems and Computer Science,Ateneo de Manila University
Justin David Pineda,,Asia Pacific College
Joanna De Guzman,,Asia Pacific College
Adrian Tobias,,Asia Pacific College
Ruy Josel Verano,,Asia Pacific College
Jan Michael Bernardo,,Asia Pacific College
Camille C. Diez,Department of Information Systems and Computer Science,Ateneo de Manila University
Enrico M. Tria,Department of Information Systems and Computer Science,Ateneo de Manila University
Andrew Laron,Software Technology Department,De La Salle University
Daniel Stanley Tan,Software Technology Department,De La Salle University
Nathalie Rose Lim-Cheng,Software Technology Department,De La Salle University
Angelyn Lao,Mathematics and Statistics Department,De La Salle University
Jose Enrico Tiongson,Department of Information Systems and Computer Science,Ateneo de Manila University
Joshua Zambales,Department of Information Systems and Computer Science,Ateneo de Manila University
Patricia Angela Abu,Department of Information Systems and Computer Science,Ateneo de Manila University
Joshua C. Martinez,Department of Information Systems and Computer Science,Ateneo de Manila University
May Marie P. Talandron,Department of Information Systems and Computer Science,Ateneo de Manila University
Jun Rangie C. Obispo,Department of Information Systems and Computer Science,Ateneo de Manila University
Ray Carlo Añonuevo,Information Technology Department,De La Salle University
Dea Ferrer,Information Technology Department,De La Salle University
Fernito Llanita,Information Technology Department,De La Salle University
Miguel Mercado,Information Technology Department,De La Salle University
Danny C. Cheng,Information Technology Department,De La Salle University
Lee Javellana,Department of Math and Computer Science,University of the Philippines - Baguio
Joel M. Addawe,Department of Math and Computer Science,University of the Philippines - Baguio
Karl Joseph Centillo,Center for Human Computing Innovations,De La Salle University
John Raymound Lemuel Javier,Center for Human Computing Innovations,De La Salle University
Catherine Mae Peña,Center for Human Computing Innovations,De La Salle University
Jian Michael Wu,Center for Human Computing Innovations,De La Salle University
Jocelynn Cu,Center for Human Computing Innovations,De La Salle University
Z. E. L. Arcega,Department of Information Systems and Computer Science,Ateneo de Manila University
M. T. Malit,Department of Information Systems and Computer Science,Ateneo de Manila University
J. L. Agapito,Department of Information Systems and Computer Science,Ateneo de Manila University
Vincent Paul L. Carpio,Institute of Computer Science,University of the Philippines - Los Baños
Katrina Joy M. Abriol-Santos,Institute of Computer Science,University of the Philippines - Los Baños
Joseph Anthony C. Hermocilla,Institute of Computer Science,University of the Philippines - Los Baños
Pierangela C. Gabriel,,Opentext Philippines
Jonathan Yiu,Software Technology Department,De La Salle University
Christoffer F. Kho,Department of Information Systems and Computer Science,Ateneo de Manila University
Gian T. Salay,Department of Information Systems and Computer Science,Ateneo de Manila University
Charibeth Cheng,Software Technology Department,De La Salle University
Maristella Aquino,Software Technology Department,De La Salle University
Ervin Fernandez,Software Technology Department,De La Salle University
Kevin Villanueva,Software Technology Department,De La Salle University
Ivy Ordanel,Department of Computer Science,University of the Philippines - Diliman
Angelica H. Dela Cruz,,National University
Maria Cristina P. Co,,National University
Adrian Martin S. Sy,,National University
Nathaniel Oco,,National University
Rachel Edita Roxas,,National University
Jhoirene B. Clemente,Department of Computer Science,University of the Philippines - Diliman
Louie Lester E. Pascual,Department of Computer Science,Ateneo de Naga University
John Dinnex M. Valeros,Department of Computer Science,Ateneo de Naga University
Al Jamil L. Arazas,Department of Computer Science,Ateneo de Naga University
Allan A. Sioson,Department of Computer Science,Ateneo de Naga University
Briane Paul V. Samson,Center for Complexity and Emerging Technologies,De La Salle University
Cymon Nicollo P. Marcaida,Center for Complexity and Emerging Technologies,De La Salle University
Eloisa Anne B. Gervasio,Center for Complexity and Emerging Technologies,De La Salle University
Ravi D. Militar,Center for Complexity and Emerging Technologies,De La Salle University
Jerome Ibañez,Center for Complexity and Emerging Technologies,De La Salle University
R.W. Gardon,,Asia Pacific College
April Gale V. Guevara,Department of Information Systems and Computer Science,Ateneo de Manila University
Miguel Adrian C. Domingo,Department of Information Systems and Computer Science,Ateneo de Manila University
Marvin Joseph R. Occeño,Department of Physical Sciences and Mathematics,University of the Philippines - Manila
Jan Renard L. Calalang,Department of Information Systems and Computer Science,Ateneo de Manila University
Kevin C. Henson,Department of Information Systems and Computer Science,Ateneo de Manila University
Benjamin Ryan B. Mendoza,Department of Information Systems and Computer Science,Ateneo de Manila University
Joseph J. Bautista,Department of Information Systems and Computer Science,Ateneo de Manila University
Javier Teodoro Flavier,Department of Information Systems and Computer Science,Ateneo de Manila University
Eliezer A. Albacea,Institute of Computer Science,University of the Philippines - Los Baños
Maricor N. Soriano,National Institute of Physics,University of the Philippines - Diliman
Val Randolf M. Madrid,Institute of Computer Science,University of the Philippines - Los Baños
Nicole Marie T. Del Rosario,Institute of Mathematics,University of the Philippines - Diliman
Jacob Chan,Department of Information Systems and Computer Science,Ateneo de Manila University
Paolo Gonzalez,Department of Information Systems and Computer Science,Ateneo de Manila University
Ella Mara Melanie Perez,Department of Information Systems and Computer Science,Ateneo de Manila University
Glen Charles Lopez,Department of Information Systems and Computer Science,Ateneo de Manila University
Jun Rangie Obispo,Department of Information Systems and Computer Science,Ateneo de Manila University
Mark Joseph Ronquillo,Department of Information Systems and Computer Science,Ateneo de Manila University
Jerald Aldin A. Dagaang,,Convergys Corporation
Christelle R. Villezas,,"Advanced World Solutions, Inc."
Prinz Nikko C. Palahang,,WebForest IT Consultancy
Lemuel Clark P. Velasco,,MSU – Iligan Institute of Technology
Isabel M. Constantino,Department of Information Systems and Computer Science,Ateneo de Manila University
Pia Melissa M. Encarnacion,Department of Information Systems and Computer Science,Ateneo de Manila University
Chiara Veronica D. Señires,Department of Information Systems and Computer Science,Ateneo de Manila University
Emmanuel Asuncion Jr.,Software Technology Department,De La Salle University
Aaron Jan Baldomar,Software Technology Department,De La Salle University
William James Custodio,Software Technology Department,De La Salle University
Yun Sup Lee,Software Technology Department,De La Salle University
Kyle Stephen S. See,Department of Information Systems and Computer Science,Ateneo de Manila University
Bartolome T. Tanguilig III,,Technological Institute of the Philippines
Bobby D. Gerardo,,Western Visayas State University
Ricardo Q. Camungao,,Technological Institute of the Philippines
Paul John O. Argarin,Department of Computer Science,University of the Philippines - Diliman
Neil Jonathan A. Joaquin,Department of Computer Science,University of the Philippines - Diliman
Richelle Ann B. Juayong,Department of Computer Science,University of the Philippines - Diliman
John Matthew B. Villaflores,Department of Computer Science,University of the Philippines - Diliman
Louie Anson Ng,Software Technology Department,De La Salle University
Lawrence Miguel Antonio,Institute of Information and Computing Sciences,University of Santo Tomas
Cecil Jose Delfinado,Institute of Information and Computing Sciences,University of Santo Tomas
Francis Jon Olaso,Institute of Information and Computing Sciences,University of Santo Tomas
Joseph Ordillano,Institute of Information and Computing Sciences,University of Santo Tomas
Novelle Anne Sinco,Institute of Information and Computing Sciences,University of Santo Tomas
Warren Adam Sto. Tomas,Institute of Information and Computing Sciences,University of Santo Tomas
Roberto Legaspi,Transdisciplinary Research Integration Center,The Institute of Statistical Mathematics
Kok-Lim Low,School of Computing,National University of Singapore
Sang N. Le,Department of Computer Science,Digipen Institute of Technology
Eduardo R. Mendoza,Physics Department,Ludwig Maximilians University
Carlene P.C. Pilar-Arceo,Institute of Mathematics,University of the Philippines - Diliman
Jayson A. Lucilo,College of Science,Bicol University
Katrina T. Lacsamana,Center for Empathic Human-Computer Interaction,De La Salle University
Mary B. Malana,Center for Empathic Human-Computer Interaction,De La Salle University
Albert H. Rivera,Center for Empathic Human-Computer Interaction,De La Salle University
Carlo Adriano,Computer Technology Department,De La Salle University
Raphael Bihis,Computer Technology Department,De La Salle University
Jaimie Bringas,Computer Technology Department,De La Salle University
Charisse Hong,Computer Technology Department,De La Salle University
Ann Franchesca B. Laguna,Computer Technology Department,De La Salle University
Katrina B. Gapuz,Department of Computer Science,University of the Philippines - Diliman
Ephraim D. Mendoza,Department of Computer Science,University of the Philippines - Diliman
Jordan Aiko Deja,Software Technology Department,De La Salle University
Leif Romeritch Syliongka,College of Computer Studies,National University
Xavier Jeaspher Eser,Department of Information Systems and Computer Science,Ateneo de Manila University
Ryan Rey M. Daga,Department of Information Systems and Computer Science,Ateneo de Manila University
Miguel Palma,Department of Information Systems and Computer Science,Ateneo de Manila University
Hadrian Ang,Department of Information Systems and Computer Science,Ateneo de Manila University
Vermille Ann T. Saw,Department of Information Systems and Computer Science,Ateneo de Manila University
Leona Jean A. Lao,Department of Information Systems and Computer Science,Ateneo de Manila University
Matthew Phillip Go,Software Technology Department,De La Salle University
Ann Renzel Lagunda,Department of Computer Science,University of the Philippines - Diliman
Genesis Ian Palaganas,Department of Computer Science,University of the Philippines - Diliman
Jaderick P. Pabico,Institute of Computer Science,University of the Philippines - Los Baños
Maureen Lyndel C. Lauron,Institute of Computer Science,University of the Philippines - Los Baños
Job Eliezek Bangayan,Department of Information Systems and Computer Science,Ateneo de Manila University
John Richard Bunyi,Department of Information Systems and Computer Science,Ateneo de Manila University
Jeau Gigataras,Department of Information Systems and Computer Science,Ateneo de Manila University
Jasper S. Agustin,Department of Information Systems and Computer Science,Ateneo de Manila University
Ma. Angelica Capuz,Computer Technology Department,De La Salle University
Selwyn Emerson Reyes,Computer Technology Department,De La Salle University
Lorraine Policarpio,Computer Technology Department,De La Salle University
Brylle Joseph Quinto,Computer Technology Department,De La Salle University
Reinald Kim Amplayo,,Ateneo de Davao University
Jason Occidental,,Ateneo de Davao University
Rex P. Bringula,,University of the East
Roselle S. Basa,,University of the East
Cecilio Dela Cruz,,University of the East
Emmanuel Jon A. Magdaluyo,Department of Information Systems and Computer Science,Ateneo de Manila University
Miguel Paolo A. Maglaque,Department of Information Systems and Computer Science,Ateneo de Manila University
Geronimo Miguel M. Mantes,Department of Information Systems and Computer Science,Ateneo de Manila University
Earl Jay F. Ledesma,Institute of Computer Science,University of the Philippines - Los Baños
Marie Yvette B. de Robles,Institute of Computer Science,University of the Philippines - Los Baños
Emilio Angelo D. Alindogan,,Technological Institute of the Philippines
Jerry Y. Hom,,Technological Institute of the Philippines
Febrev F. Dela Cruz,,Technological Institute of the Philippines
Melissa P. Juanillo,,Technological Institute of the Philippines
Ma. Christina R. Aragon,,Technological Institute of the Philippines
Mark Lorenz F. Eustaquio,,Technological Institute of the Philippines
Allain Paolo Hiya,,National University
Sony Renz Manalo,,National University
Manolito Octaviano Jr.,,National University
Ryan Christopher Pinca,,National University
Krystel Arriane A. Cortez,Institute of Computer Science,University of the Philippines - Los Baños
Katrina Joy H. Magno,Institute of Computer Science,University of the Philippines - Los Baños
Aaron Spencer K. Ngo,Computer Technology Department,De La Salle University
John Darill B. Desingco,Computer Technology Department,De La Salle University
Macario O. Cordel II,Computer Technology Department,De La Salle University
Prane Mariel B. Ong,Computer Technology Department,De La Salle University
Eric Camilo R. Punzalan,Computer Technology Department,De La Salle University
Joel P. Ilao,Computer Technology Department,De La Salle University
Rachel Anne G. Concepcion,Institute of Mathematics,University of the Philippines - Diliman
Tita R. Herradura,College of Science and Computer Studies,De La Salle University - Dasmariñas
Merlin Teodosia C. Suarez,Software Technology Department,De La Salle University
Raymund E. Dilan,,University of the Cordilleras
Cecilia A. Mercado,,Saint Louis University
Wilben Christie R. Pagtaconan,,Mariano Marcos State University
Josephine S. Dela Cruz,,University of the Cordilleras
Teresita Paccarangan,,Philippine Science High School
Jessie Brian Unabia Revil,,Ateneo de Davao University
Mark Allen Secreto Saclot,,Ateneo de Davao University
Alexis Pantola,Computer Technology Department,De La Salle University
Deanne Erika Buena,Computer Technology Department,De La Salle University
Clarissa Mae Garcia,Computer Technology Department,De La Salle University
Celine Villafuerte,Computer Technology Department,De La Salle University
Allison Mae Yu,Computer Technology Department,De La Salle University
Thelma Domingo-Palaoag,,University of the Cordilleras
Maria Katrina Donato,Department of Information Systems and Computer Science,Ateneo de Manila University
Nethania Katrina Surtida,Department of Information Systems and Computer Science,Ateneo de Manila University
Charles Jansen Ignacio,Department of Information Systems and Computer Science,Ateneo de Manila University
Ramon Rodriguez,Software Technology Department,De La Salle University
Faramarz Ataollahi,Software Technology Department,De La Salle University
Kenneth Royce Brigola,Center for Empathic Human-Computer Interaction,De La Salle University
Christine Joy Infante,Center for Empathic Human-Computer Interaction,De La Salle University
Paolo Josef,Center for Empathic Human-Computer Interaction,De La Salle University
Annalyn Reganit,Center for Empathic Human-Computer Interaction,De La Salle University
Juan Lorenzo Hagad,Center for Empathic Human-Computer Interaction,De La Salle University
Courtney Ngo,Software Technology Department,De La Salle University
Solomon See,Software Technology Department,De La Salle University
Ramon Rodriguez,Computer Technology Department,De La Salle University
Rex Bringula,,University of the East
Aaron Noel De Leon,,University of the East
Daryll Santos,,University of the East
Jose Mari Ramos,,University of the East
Sean Michael Amador,,University of the East
Natalie Agustin,Software Technology Department,De La Salle University
Ma. Anne Therese Musong,,Ateneo de Davao University
Zyra Bravo,,Ateneo de Davao University
Fili Emerson Chua,Computer Technology Department,De La Salle University
Jocelynn Cu,Computer Technology Department,De La Salle University
Nikkol John Morales,Computer Technology Department,De La Salle University
John Lawrence Peñafiel,Computer Technology Department,De La Salle University
Jeno Paolo Rigor,Computer Technology Department,De La Salle University
Thomas James Z. Tiam-Lee,Software Technology Department,De La Salle University
Jayzon Ty,Department of Information Systems and Computer Science,Ateneo de Manila University
Marc Ericson Santos,Graduate School of Information Science,Nara Institute of Science and Technology
Jonathan Audric Matias,Department of Information Systems and Computer Science,Ateneo de Manila University
Regine Danica Regino,Department of Information Systems and Computer Science,Ateneo de Manila University
Christine Faith Tango,Department of Information Systems and Computer Science,Ateneo de Manila University
Arnulfo P. Azcarraga,Software Technology Department,De La Salle University
Paolo Tensuan,Software Technology Department,De La Salle University
Mauro Edmund Arce,Software Technology Department,De La Salle University
Marvin Limson,Software Technology Department,De La Salle University
Michelle Ormoc,Software Technology Department,De La Salle University
Lawrence Yap,Software Technology Department,De La Salle University
Conrad Olega,Department of Computer Science,University of the Philippines - Diliman
Aaron Manaloto,Department of Computer Science,University of the Philippines - Diliman
Karlo Soriano,Department of Computer Science,University of the Philippines - Diliman
Cedric Festin,Department of Computer Science,University of the Philippines - Diliman
Fatima Suzanne G. De Villa,Department of Computer Science,University of the Philippines - Diliman
Anna Janeri B. Ongcol,Department of Computer Science,University of the Philippines - Diliman
Bryan Adam B. Tan,Department of Computer Science,University of the Philippines - Diliman
Maritoni Escalona,Software Technology Department,De La Salle University
Ricco Laxamana,Software Technology Department,De La Salle University
Kevin Pagtakhan,Software Technology Department,De La Salle University
Edward P. Tighe,Software Technology Department,De La Salle University
Rhia Trogo,Software Technology Department,De La Salle University
John Roy Geralde,,Ateneo de Davao University
Joshua Castañeda,Department of Computer Science,University of the Philippines - Diliman
Elijah Joshua Cayabyab,Department of Computer Science,University of the Philippines - Diliman
Jonathan Danao,Department of Computer Science,University of the Philippines - Diliman
Adrian John Biton,Institute of Computer Science,University of the Philippines - Los Baños
Marie Yvette de Robles,Institute of Computer Science,University of the Philippines - Los Baños
Joseph Benjamin Ferrer,Department of Computer Science,University of the Philippines - Diliman
Anthony Brian Dy,Department of Computer Science,University of the Philippines - Diliman
Christian Edensor Arbon,Department of Computer Science,University of the Philippines - Diliman
Kier Sostenes Guevara,Computer Science Department,Ateneo de Naga University
Redan Benedict Alcaide,Computer Science Department,Ateneo de Naga University
Francis Bien Jan Viernes,Department of Computer Science,University of the Philippines - Diliman
Chynna Julia Cordevilla,Department of Computer Science,University of the Philippines - Diliman
Rafael Gerard Formes,Department of Computer Science,University of the Philippines - Diliman
Val Randolf Madrid,Institute of Computer Science,University of the Philippines - Los Baños
Renior Abrea,School of Marine Fisheries and Technology,Mindanao State University at Naawan
Jazmine Paola B. Barroga,Department of Information Systems and Computer Science,Ateneo de Manila University
Roland Joseph M. Gudani,Department of Information Systems and Computer Science,Ateneo de Manila University
Miguel Paolo M. Quijano,Department of Information Systems and Computer Science,Ateneo de Manila University
Francis Jomer Gallardo,Department of Computer Science,University of the Philippines - Diliman
Armina Francisco,Department of Computer Science,University of the Philippines - Diliman
Geoffrey A. Solano,,University of the Philippines - Manila
Bianca Camille Silmaro,,University of the Philippines - Manila
Sun Arthur Ojeda,,University of the Philippines - Manila
Jaime D.L. Caro,Department of Computer Science,University of the Philippines - Diliman
Nerio Pascual,,Technological Institute of the Philippines
Ariel Sison,,Technological Institute of the Philippines
Bobby Gerardo,,Western Visayas State University
Ruji Medina,,Technological Institute of the Philippines
Christian Paulo De Leon,,Far Eastern University - Institute of Technology
Allan Adrian Gatchalian,,Far Eastern University - Institute of Technology
Juan Miguel Ninobla,,Far Eastern University - Institute of Technology
Nigel Roi Concepcion,,Far Eastern University - Institute of Technology
David Joseph Catemprate,,Far Eastern University - Institute of Technology
Ronald M. Pascual,Computer Technology Department,De La Salle University
Carlos Alberto Arcenas,Department of Information Systems and Computer Science,Ateneo de Manila University
Miguel Galace,Department of Information Systems and Computer Science,Ateneo de Manila University
Marlene M. De Leon,Department of Information Systems and Computer Science,Ateneo de Manila University
Jan Apolline Estrella,,Philippine Science High School
Christian Philip Gelera,,Philippine Science High School
Christian Quinzon,,Philippine Science High School
Ethel Ong,Software Technology Department,De La Salle University
Mc Jervis Villaruel,,Philippine Science High School
Edlen Mari Sanchez,,Philippine Science High School
Robee Khyra Mae J. Te,Software Technology Department,De La Salle University
Janica Mae M. Lam,Software Technology Department,De La Salle University
Camille Alexis T.R. Saavedra,Software Technology Department,De La Salle University
Alden Luc R. Hade,Software Technology Department,De La Salle University
Nivea Jane Urdas,Department of Linguistics,University of the Philippines - Diliman
Jhon Rick Salvedia,Department of Linguistics,University of the Philippines - Diliman
Drew Dolot,Department of Linguistics,University of the Philippines - Diliman
John Meynard Sanchez,Department of Linguistics,University of the Philippines - Diliman
Jay Chester Usero,Department of Linguistics,University of the Philippines - Diliman
Ava Marie Villareal,Department of Linguistics,University of the Philippines - Diliman
Dewi Retnoningsih,Department of Linguistics,University of the Philippines - Diliman
Adrian R. Llamado,Institute of Mathematical Sciences and Physics,University of the Philippines - Los Baños
Jonathan B. Mamplata,Institute of Mathematical Sciences and Physics,University of the Philippines - Los Baños
Emmanuel M. Malaay,,Far Eastern University - Institute of Technology
Michael B. Simora,,Far Eastern University - Institute of Technology
Ronald John O. Cabatic,,Far Eastern University - Institute of Technology
Anthony B. Castillo,,Far Eastern University - Institute of Technology
Ayman P. Cabotaje,,Far Eastern University - Institute of Technology
Rozano S. Maniaol,Institute of Computer Science,University of the Philippines - Los Baños
Danilo J. Mercado,Institute of Computer Science,University of the Philippines - Los Baños
Nilo T. Dela Cruz II,Institute of Mathematical Sciences and Physics,University of the Philippines - Los Baños
Gimelle B. Gamilla,Institute of Mathematical Sciences and Physics,University of the Philippines - Los Baños
Allen L. Nazareno,Institute of Mathematical Sciences and Physics,University of the Philippines - Los Baños
Rodolfo Raga Jr,,Jose Rizal University
Michael Angeles,Institute of Computer Science,University of the Philippines - Los Baños
Nathaniel Laxina,Institute of Computer Science,University of the Philippines - Los Baños
Rizza Mercado,Institute of Computer Science,University of the Philippines - Los Baños
Diane Manzano,,University of the Philippines - Los Baños
Samantha Jade Sadural,,University of the Philippines - Los Baños
Jeffrey A. Aborot,Department of Computer Science,University of the Philippines - Diliman
Jane D. Palacio,Institute of Mathematical Sciences and Physics,University of the Philippines - Los Baños
Pierre Allan K. Santiago,Institute of Mathematical Sciences and Physics,University of the Philippines - Los Baños
John Paul V. Guim,Institute of Mathematical Sciences and Physics,University of the Philippines - Los Baños
Gabriel Dominik E. Sison,National Institute of Physics,University of the Philippines - Diliman
Ulyses A. Solon Jr,Institute of Mathematics,University of the Philippines - Diliman
Aimee B. Rarugal,National Institute of Physics,University of the Philippines - Diliman
Guido David,Institute of Mathematics,University of the Philippines - Diliman
Giovanni A. Tapang,National Institute of Physics,University of the Philippines - Diliman
Rommel P. Feria,,University of the Philippines - Diliman
Ariel S. Betan,,University of the Philippines - Diliman
Annette G. Lagman,,University of the Philippines - Diliman
Rowena C. Solamo,,University of the Philippines - Diliman
Paulo Noel G. Paje,,University of the Philippines - Diliman
Kelvin C. Buño,Department of Computer Science,University of the Philippines - Diliman
Marjo-Anne B. Acob,Institute of Mathematical Sciences and Physics,University of the Philippines - Los Baños
Jean O. Loyola,Institute of Mathematical Sciences and Physics,University of the Philippines - Los Baños
Sherlyne L. Francia,Department of Computer Science,University of the Philippines - Diliman
Denise Alyssa A. Francisco,Department of Computer Science,University of the Philippines - Diliman
Richelle Ann B. Juayon,Department of Computer Science,University of the Philippines - Diliman
Gabriel Alberto A. Sanchez,,Ateneo de Manila University
Jennifer D. Raga,Institute of Mathematical Sciences and Physics,University of the Philippines - Los Baños
Jasmine Irene Ng,Software Technology Department,De La Salle University
Harriet Angelie A. Gonzales,Department of Computer Science,University of the Philippines - Cebu
Kurt Junshean P. Espinosa,Department of Computer Science,University of the Philippines - Cebu
Oliver Isaac L. Chan,Software Technology Department,De La Salle University
Patrick Joseph M. Sadornas,Software Technology Department,De La Salle University
Lemuel John Beduya,Department of Computer Science,University of the Philippines - Cebu
Rancelli Jane Roxas,Software Technology Department,De La Salle University
Dollen Lour Huang,Software Technology Department,De La Salle University
Bruce Elmer Peralta,Software Technology Department,De La Salle University
Sahnir Yap,Software Technology Department,De La Salle University
Anne Grace H. Peralta,,University of the Philippines - Diliman
Layton Jan M. Tee,,University of the Philippines - Diliman
Tod Allman,,Graduate Institute of Applied Linguistics
Stephen Beale,,University of Maryland
Richard Denton,,Dartmouth College
Zechariah B. Jimenez,Department of Computer Science,University of the Philippines - Diliman
