venue,title,year,authors
pcsc,Analyzing Gaze Patterns of Individuals in Programming Pairs,2019,"Maureen M. Villamor, Ma. Mercedes T. Rodrigo"
pcsc,Developing Art from Art: Towards Affective Music Composition Based on Curated Artworks Using a Genetic Algorithm,2019,"Deion C. Menor, Cher T. Panlilio, Lourdes J. Santiago, Andrei D. Coronel"
pcsc,Minimum Connected Dominating Sets on Protein-Protein Interaction Networks,2019,"Joshua Dizon, Somnath Bera, Jean Malolos, Henry N. Adorna"
pcsc,Privacy-Preserving Approximation of Transcendental Functions,2019,"Aldrich Ellis C. Asuncion, Brian Christopher T. Guadalupe, William Emmanuel S. Yu"
pcsc,Blind Deconvolution Model for Scene Text Localization and Recognition,2019,"Clarisa Albarillo, Proceso Fernandez Jr"
pcsc,Intersection Conflict Resolution for Traffic Simulators,2019,"Harvey Ian Arbas, Ara Abigail Ambita, Ligaya Leah Figueroa"
pcsc,Anonymized Recommendation System via Client-Side Storage,2019,"Maria Isabel Saludares, Charles Kevin Verdad, Ligaya Leah Figueroa"
pcsc,Emotions Evoked in Realism-based Paintings: A Semi-supervised Machine Learning Model,2019,"Jasper Haven S. Briones, Kennethe Ann Q. Mina, Michelle P. Banawan"
pcsc,Visual Speech Recognition Using Convolutional Neural Networks and Long Short-term Memory with Transfer Learning,2019,"Dewey L. Sia, Zuleika A. Yee, Michelle P. Banawan"
pcsc,Exploring Photorealistic Rendering For Mixed Reality On Mobile Devices,2019,"Christian Terrence Esguerra, Conrado R. Ruiz Jr"
pcsc,CUAP: A Software Package for the Codon Usage Patterns Analysis,2019,"Almie Carajay, Jorge Gil Angeles, Rocky Marcelino, Maria Art Antonette Clari​ñ​o, Katrina Joy Abriol-Santos, Jaime Samaniego"
pcsc,Parameter Estimation of an S-system Model Using Hybrid Genetic Algorithm with the Aid of Sensitivity Analysis,2019,"Jayrah Bena E. Riñon, Renier G. Mendoza, Victoria May Paguio Mendoza"
pcsc,Exceptional Learners Motivation for Better Performance thru Game-based Learning System,2019,"Christian dela Cruz, Thelma Palaoag"
pcsc,Augmented Reality Guided Assembly of Toy Robot,2019,"Arvin Christopher Reyes, Neil Patrick Del Gallego"
pcsc,A Multimodal Route Recommendation System with Real-Time Traffic Information in most congested roads in Metro Manila using Text Analysis,2019,"Erika Ritzelle P. Bondoc, Francis Percival M. Caparas, John Eddie D. Macias, Vileser T. Naculangga, Jheanel E. Estrada"
pcsc,A Randomized Data Obfuscation Approach for Cluster Analysis,2019,"Gabriel K. De Jesus, Carlo D. Mendoza, Alyssa Nicole N. Ty, John Paul C. Vergara"
pcsc,A Genetic Algorithm for Optimal Multi-Floored Un-Equal Area Facility Layout Design Evaluated Using a Movement Cost Function,2019,"Katrina B. Calpito, David Jonathan L. Relacion, Juan Miguel C. Roman, Trisha Regine P. Wang, Cecil Jose A. Delfinado"
pcsc,Towards a Hybrid Buffer-map Exchange Mechanism for Mesh-pull P2P Music Streaming,2019,"Albuen Jan Rosello, Victor Romero II"
pcsc,Design and Development of a Mobile Phone-Based Video Game as an Aid in Drug Awareness and Education,2019,"Patricia Nicole Uy, Jayce Caylah Ching, Gener Angelo Lopez"
pcsc,Towards an Eye-tracking Study Determining Certain Aspects of Sight Reading Skills in Violinists,2019,"Christian Chan, Jose Mirabueno, Justin San Pedro, Andrei D. Coronel"
pcsc,A Proposed Assessment Method for Algorithm Design Courses: An Exploratory Study in a Philippine Setting,2019,"Neil Patrick Del Gallego, Raymund C. Sison"
pcsc,Effect of k-Degree Anonymization via the UMGA Algorithm on the Performance of Machine Learning Algorithms,2019,"Mygel Andrei Martija, Neila Paglinawan, Henry N. Adorna"
pcsc,A Bayesian Network Knowledge Engineering and ValidaƟon using Structural and Parameter Learning for a C-based Intelligent Tutoring System,2019,"Teresita C. Limoanco, John Paul S. Guzman, Raymund C. Sison"
pcsc,Categorical Emotion Classification from Code-Switched Facebook Messages using Sequential Minimal Optimization Support Vector Machine Algorithm,2019,"Christian Dione Bergantin, Camille Bencito, Christian Paul Mirano, Larry Vea"
pcsc,Collatz One-Way Function as a Candidate Cryptographic Hash function,2019,"Jansen Keith Domoguen, Ruahden F. Dang-awan, Henry N. Adorna"
pcsc,Development of Convolutional Neural Modified Support Vector Machine (CNMSVM) Architecture for Satellite Imaging,2019,"Edgar Bryan B. Nicart, Tony Y. T. Chan, Ruji P. Medina"
pcsc,Mango Variety Recognizer Using Image Processing and Artificial Neural Network,2019,"Winston M. Tabada, Jerik G. Beltran"
pcsc,Do friends collaborate and perform better? : A Pair Program Tracing and Debugging Eye Tracking Experiment,2018,"Maureen M. Villamor, Ma. Mercedes T. Rodrigo"
pcsc,Dimensionality Reduction of Feature Word Vectors for Sentiment Classification of Philippine  Political Related Tweets,2018,"Kristine Mae M. Adlaon, Judith J. Azcarraga"
pcsc,Understanding Factors that Afect User Activity in Social Games,2018,"Neil Patrick Del Gallego, Remedios de Dios Bulos"
pcsc,Analysis of Static Code Reading Patterns,2018,"Christine Lourrine S. Tablatin, Ma. Mercedes T. Rodrigo"
pcsc,Facial Expressions Recognition in Filipino Sign Language: Classification using 3D Animation Units,2018,"Joanna Pauline Rivera, Clement Ong"
pcsc,Using Elliptic ElGamal Cryptosystem to Provide Privacy and Verifiability in Internet Voting,2018,"Berwin Jarret T. Yu, Richard Bryann L. Chua"
pcsc,Search for Tweets: Implementing a Geolocation Approcimation Feature for Disaster Tweets,2018,"Irene Therese Bermejo, Jan Nicole Domingo, Dion Alfonso Velasco, John Cliford Rosales, Ma. Regina Estuar, Kennedy E. Espina"
pcsc,Natural Language Interface for SQL Query Generation using Recurrent Neural Network,2018,"Nikko G. Cabang, Albert A. Vinluan, Jedidiah B. Constantino, Marc Angelo P. Martinez"
pcsc,Towards a Better Chord Recognition Algorithm Using Machine Learning Techniques,2018,"John Carlo A. Ariola, Jaymee A. Olaño, Mark Arthur A. Caro III, John Sixto G. Santos"
pcsc,Exploring Voxel-based Morphological Operators for Automatic LEGO Model Construction,2018,"Jennifer C. Ureta, Conrado R. Ruiz Jr"
pcsc,Wireless Configuration of Wireless Sensor and Actuator Network,2018,"Patricia Anne Eugenio, Gregory Cu, Fritz Kevin Flores"
pcsc,Finding the Short Swap Distance for Decreasing Permutations,2018,"Marco C. Lucena, John Paul C. Vergara"
pcsc,Matrix Representation and Simulation Algorithm for Spiking Neural P Systems with Rules on Synapses,2018,"Ren Tristan dela Cruz, Dionne Peter P. Cailipan, Jym Paul A. Carandang,
Francis George C. Cabarle, Kelvin Buño, Nestine Hope S. Hernandez, Henry N. Adorna"
pcsc,Stylomitter: Using Extreme Learning Machines and Language-agnostic Approach to Author Classification,2018,"Shenamae Borja, John Ultra"
pcsc,An Exhaustive Rule-Based Affix Extraction for Stemming in Tagalog ,2018,"Laurenz Adriel Tolentino, Allan Borra"
pcsc,A regularized nonconvex model for image segmentation,2018,"Maryene B. Sy Piecco, Marrick C. Neri"
pcsc,Improving Smith-Waterman Local Alignment Algorithm Using Thread Parallelization In Java,2018,"Mary Grace Malana, Laurenz Adriel Tolentino, Roger Luis Uy"
pcsc,"Driver Drowsiness Monitoring and Alert System using Image Processing, Fuzzy Logic with Path finding",2018,"Amiel John B. Atienza, Art Maco T. Del Rosario, John Carlo R. Gonzales, Marc Angelo P. Martinez, Carlo Marco S. Ortiz"
pcsc,Matrix Representation of Spiking Neural P Systems with Structural Plasticity,2018,"Ren Tristan dela Cruz, Zechariah B. Jimenez, Francis George C. Cabarle, Henry N. Adorna, Kelvin Buño, Nestine Hope Hernandez, Jym Paul Carandang"
pcsc,Prediction of MRT-3 Passenger Entrance Volume using Support Vector Machines,2018,"John Eric Z. Sy, Macliing Gabriel Q. Aydinan, Prospero C. Naval Jr."
pcsc,Designing Collaborative Applications using Usability Heuristics and Keystroke-Level Model,2018,"Nikko T. Borja, Ken V. Hosoya, Jared Luke C. Pangilinan, Mervin Stewart C. Uy, Rafael A. Cabredo"
pcsc,An Automatic Lead Sheet Generation of Melody and Chords from Singing Voice Using Melody Extraction and Chords Detection Algorithm,2018,Byran G. Dadiz
pcsc,Comparative Study of Detection-based Algorithms for Tracking Multiple Cars,2018,"Alquine Roy F. Taculin, Kardi Teknomo"
pcsc,Smart Flooring System Implementation for Movement Recognition through Low-Cost Force Sensitive Resistors,2018,"Baldip Bhuller, Fritz Kevin Flores, Joshua Manto, Arvin Medina, Naomi Mendaros"
pcsc,Comparing the Performance of a Hybrid Model Against a Single Model in Detecting DDoS Atacks,2018,"Jedidiah Caychingco, Gregory Cu"
pcsc,PollenEXT: Pollen Classification Using Extremely Randomized Trees,2018,"C.D.S. Ergina, V.M.II Romero"
pcsc,Quickgarde: A Plug-in for Detecting Cyberbullying Occurrences in Filipino Social Media Posts,2018,"Samantha G. Mallari, Faith I. Ballesteros, Eva R. Samillano, Paulo Miguel S. Capuz, Lorena R. Rabago, Ernesto C. Boydon"
pcsc,"2,000 Hours of Git and Databases: Raising the Bar forthe Minimum Standard of Database Backups in the Enterprise",2017,Jesus Vicente Roig
pcsc,CountApPH: Towards Machine-Assisted Auditing of Philippine Automated Election,2017,"Danen Clint Ocfemi, John D. Ultra"
pcsc,Clustering Sub-Saharan African and Filipino Adult Learners’ EEG Signals Towards Emotion Recognition,2017,"Vanlalhruaii Swansi, Judith J. Azcarraga"
pcsc,MMIPSS: Mobile-based MIPS64 Simulator,2017,"Charl Amaba, Darren Josef M. Kho, Angie M. Ceniza, Mark Isaiah Quevedo"
pcsc,SeeTrue – A Mobile Application for Recognizing Texts in Images through Optical Character Recognition,2017,"Heinrich Von P. Woogue, Kim Christian T. Cubillan, Mary Jane G. Sabellano"
pcsc,Comparative Study of Image Analysis and Classification on the Detection of Fusarium oxysporum f sp. cubense in Banana Leaves on Mobile Phones,2017,"Jose Emmanuel D. Torrijos, Adrian Cordero, Enrico Sison, Ma. Regina Estuar"
pcsc,Classifying Multi-Layered Attacks Using Correlation of Relevant Data in Network Access Technologies (Project Coordinate),2017,"Justin David Pineda, Joanna De Guzman, Adrian Tobias, Ruy Josel Verano, Jan Michael Bernardo"
pcsc,Global Alignment of Protein-Protein Interaction Networks Using Subgraph and Sequence Similarity,2017,"Camille C. Diez, Enrico M. Tria, John Paul C. Vergara"
pcsc,Corpus Annotation of Biomedical Journals for a Machine Learning Approach to Automatic Relation Extraction,2017,"Andrew Laron, Daniel Stanley Tan, Nathalie Rose Lim-Cheng, Angelyn Lao"
pcsc,Enhancing Mobile Stereoscopic 3D Experience with Face Detection,2017,Jose Enrico Tiongson
pcsc,A Model for Classification of Skin Lesions using Image Processing Techniques and Neural network,2017,"Joshua Zambales, Patricia Angela Abu"
pcsc,On the Effect of Translated and Personalized Dialogues in an Intelligent Game-Based Learning Environment,2017,"Joshua C. Martinez, May Marie P. Talandron, Jun Rangie C. Obispo"
pcsc,Towards a Private Cloud Infrastructure Implementation for a University delivering IT curriculum using OpenStack,2017,"Ray Carlo Añonuevo, Dea Ferrer, Fernito Llanita, Miguel Mercado, Danny C. Cheng"
pcsc,"Air Pollution Simulation in Baguio City, Philippines using Genetic Algorithm",2017,"Lee Javellana, Joel Addawe"
pcsc,Understanding the Acoustic Features of Adult Cry Vocalizations,2017,"Karl Joseph Centillo, John Raymound Lemuel Javier, Catherine Mae Peña, 
Jian Michael Wu, Jocelynn Cu"
pcsc,Game-based Learning Through Heads-Up Displays and Narratives,2017,"Z. E. L. Arcega, M. T. Malit, J. L. Agapito"
pcsc,SkyLab : An extensible workflow web application for HPC on the cloud,2017,"Vincent Paul L. Carpio, Katrina Joy M. Abriol-Santos, Joseph Anthony C. Hermocilla"
pcsc,A Heuristic Intercluster Traffic Optimizer for Ideal Multicomputers,2017,Maureen M. Villamor
pcsc,Parameter Optimization of Vertical Decomposition with Genetic Algorithm for Multiple Sequence Alignment,2017,"Joel M. Addawe, Pierangela C. Gabriel"
pcsc,A Medical Counsel Generator from Multiple Source Documents,2017,"Nathalie Rose Lim-Cheng, Jonathan Yiu"
pcsc,Image Classification and Segregation of Environmental Waste using ORB,2017,"Christoffer F. Kho, Gian T. Salay, Marlene M. De Leon"
pcsc,MAG-Tagalog: A Rule-Based Tagalog Morphological Analyzer and Generator,2017,"Kristine Mae M. Adlaon, Charibeth Cheng, Maristella Aquino, Ervin Fernandez, Kevin Villanueva"
pcsc,visual Speech Recognition Using Convolutional Neural Networks and Long Short-term Memory with Transfer Learning,2017,"Ivy Ordanel, Henry N. Adorna"
pcsc,Building a Language Family Tree using Various Features,2017,"Angelica H. Dela Cruz, Maria Cristina P. Co, Adrian Martin S. Sy, Nathaniel Oco, Rachel Edita Roxas"
pcsc,Reoptimization of the Closest Substring Problem under Pattern Length Modification,2017,"Jhoirene B. Clemente, Henry N. Adorna"
pcsc,Signature Specimen Matching using ANN,2017,"Louie Lester E. Pascual, John Dinnex M. Valeros, Al Jamil L. Arazas, Allan A. Sioson"
pcsc,Analyzing Congestion Dynamics in Mass Rapid Transit using Agent-Based Modeling,2017,"Briane Paul V. Samson, Cymon Nicollo P. Marcaida, Eloisa Anne B. Gervasio, Ravi D. Militar, Jerome Ibanez"
pcsc,Analysis of the Distribution of Traic Density Using the Ideal Flow Method and the Principle of Maximum Entropy,2017,"R.W. Gardon, Kardi Teknomo"
pcsc,Enhancing Intrusion Detection and Prevention Systems Using Software Defined Networking in a Distributed Topology,2017,"April Gale V. Guevara, Miguel Adrian C. Domingo, William Emmanuel S. Yu"
pcsc,Using Paillier Scheme to Provide Privacy and Verifiability in Internet Voting,2017,"Marvin Joseph R. Occeño, Richard Bryann L. Chua"
pcsc,Identification  and  Analysis  of  Critical  Nodes  in  the  Metro Manila Road Network along the West Valley Fault Line,2017,"Jan Renard L. Calalang, Kevin C. Henson, Benjamin Ryan B. Mendoza"
pcsc,A Comparative Analysis of Numerical Solutions for Solving Stellar Structure Equations,2017,"Joseph J. Bautista, Proceso  Fernandez Jr."
pcsc,A Comparative Study of Image Equalization Techniques on Input For The Teknomo-Fernandez Algorithm,2017,"Javier Teodoro Flavier, Patricia Angela Abu"
pcsc,Developing Image Analysis Tools for Benthic Classification of Coral Reef Mosaic Images,2017,"Val Randolf M. Madrid, Maricor N. Soriano, Eliezer A. Albacea"
pcsc,Exploring Mathematical Modeling towards L-System Based Model for Leaf Vein Development,2017,"Maria Art Antonette Clariño, Eliezer A. Albacea"
pcsc,A modified inexact primal-dual method for removing multiplicative noise,2017,"Nicole Marie T. Del Rosario, Marrick C. Neri"
pcsc,Designing Traffic Signs:A CaseStudy on Driver Reading Patterns and Behavior,2016,"Jacob Chan, Paolo Gonzalez, Ella Mara Melanie Perez"
pcsc,Scan Paths on Event Posters: An Eye Tracking Experiment,2016,"Glen Charles Lopez, Jun Rangie Obispo, Mark Joseph Ronquillo"
pcsc,Performance Analysis of Different Combination of Training Algorithms and Activation Functions in Predicting the Next Day Electric Load,2016,"Lemuel Clark P. Velasco, Prinz Nikko C. Palahang, Christelle R. Villezas, Jerald Aldin A. Dagaang"
pcsc,Modeling Negative Affect Detector of Novice Programming  Students through Keyboard Dynamics and Mouse  Behavior,2016,"Larry Vea, Ma. Mercedes T. Rodrigo"
pcsc,Towards a Comparative Analysis between a Genetic Algorithm and Image-based Music Composition in Melody Generation Based on Image Mood,2016,"Isabel M. Constantino, Pia Melissa M. Encarnacion, Chiara Veronica D. Señires, Andrei D. Coronel"
pcsc,Towards Reducing Maternal Mortality through a Diet Recommender System,2016,"Nathalie Rose Lim-Cheng, Emmanuel Asuncion Jr., Aaron Jan Baldomar, William James Custodio, Yun Sup Lee"
pcsc,On the Center-Disjoint 2-Path Edge Packing Problem,2016,Kyle Stephen S. See
pcsc,Enhanced CLARANS Algorithm using Slim-tree Method,2016,"Ricardo Q. Camungao, Bobby D. Gerardo, Bartolome T. Tanguilig III"
pcsc,An Implementation of Computations in Evolution-Communication P systems with Energy Using Open Computing Language,2016,"Paul John O. Argarin, Neil Jonathan A. Joaquin, Richelle Ann B. Juayong, Nestine Hope S. Hernandez, Henry N. Adorna, Francis George C. Cabarle"
pcsc,CuSNP: Improvements on GPU Simulations of Spiking Neural P Systems in CUDA,2016,"Jym Paul Carandang, John Matthew Villaflores, Francis George C. Cabarle, Henry N. Adorna"
pcsc,Automated Role Detection in Cyberbullying Incidents,2016,"Charibeth Cheng, Louie Anson Ng"
pcsc,SOODS: A Least Significant Bit Variant for Image Steganography,2016,"Lawrence Miguel Antonio, Cecil Jose Delfinado, Francis Jon Olaso, Joseph Ordillano, Novelle Anne Sinco, Warren Adam Sto. Tomas"
pcsc,An ontological approach to improving compliance implementation in enterprises,2016,"Danny C. Cheng, Nathalie Rose Lim-Cheng, Roberto Legaspi"
pcsc,A Framework for the Automated Design of Paper Pop-ups,2016,"Conrado R. Ruiz Jr, Sang N. Le, Kok-Lim Low"
pcsc,On the Application of Bat Algorithm to Parameter Estimation of S-system Models,2016,"Jayson A. Lucilo, Carlene P.C. Pilar-Arceo, Eduardo R. Mendoza"
pcsc,Embodied Conversational Agent System for Public Health Monitoring of Filipino Children,2016,"Katrina T. Lacsamana, Mary B. Malana, Albert H. Rivera, Judith J. Azcarraga"
pcsc,Fetal ECG Analysis Using Template Matching and Wavelet Decomposition,2016,"Carlo Adriano, Raphael Bihis, Jaimie Bringas, Charisse Hong, Ann Franchesca Laguna"
pcsc,Solution to a Restricted Motif Finding Problem in Membranes,2016,"Katrina B. Gapuz, Ephraim D. Mendoza, Richelle Ann B. Juayong, Nestine Hope S. Hernandez, Henry N. Adorna"
pcsc,Discovering Policies using Activity Models of Self Regulated Learners,2016,"Jordan Aiko Deja, Rafael A. Cabredo"
pcsc,Challenges in Determining Compliance as part of Corporate Governance: A Natural Language Processing Problem,2016,"Nathalie Rose Lim-Cheng, Danny Cheng, Roberto Legaspi"
pcsc,Clustering Philippine Languages,2016,"Nathaniel Oco, Leif Romeritch Syliongka, Rachel Edita Roxas"
pcsc,Modifying the Teknomo-Fernandez Algorithm for Accurate Real-Time Background Subtraction,2016,"Xavier Jeaspher Eser, Patricia Angela Abu, Proceso Fernandez Jr"
pcsc,Improved Quadtree-Segmented Block Truncation for Color Image Compression,2016,"Ryan Rey M. Daga, Proceso Fernandez Jr"
pcsc,Development of a System for the Verification of Crowdsourced Information,2016,"Hadrian Ang, Miguel Palma"
pcsc,Designing a Configurable Web Scraper for The Air and Sea Transport Domain,2016,"Leona Jean A. Lao, Vermille Ann T. Saw"
pcsc,Towards a Corpus-based Filipino Grammar Checker System,2016,"Matthew Phillip Go, Allan Borra"
pcsc,Spiking Neural P Systems GPU Simulation using OpenCL,2016,"Ann Renzel Lagunda, Genesis Ian Palaganas, Francis George C. Cabarle, Henry N. Adorna"
pcsc,Improved Sampling Techniques for Learning an Imbalanced Data Set,2016,"Maureen Lyndel C. Lauron, Jaderick P. Pabico"
pcsc,A C2-Huberized nonconvex TVq model for image restoration,2016,Marrick C. Neri
pcsc,An Analysis of Bubble Sort Based Heuristics for Minimum Sorting by Short Rearrangements,2015,"Job Eliezek Bangayan, John Richard Bunyi, Jeau Gigataras, John Paul C. Vergara"
pcsc,Circular Pair Flash Code,2015,"Jasper S. Agustin, Proceso Fernandez Jr"
pcsc,MMIPSS: Mobile-based MIPS64 Simulator,2015,"Ma. Angelica Capuz, Selwyn Emerson Reyes, Lorraine Policarpio, Roger Luis Uy, Brylle Joseph Quinto"
pcsc,Multi-level classifier for the detection of insults in social media,2015,"Reinald Kim Amplayo, Jason Occidental"
pcsc,Clustering Learners in a Learning-by-Teaching Intelligent Tutoring System and Differences in their Mathematics Performance,2015,"Rex P. Bringula, Roselle S. Basa, Cecilio Dela Cruz"
pcsc,A Comparative Analysis of Classification Techniques for MIDI Files,2015,"Emmanuel Jon A. Magdaluyo, Miguel Paolo A. Maglaque, Geronimo Miguel M. Mantes, Andrei D. Coronel"
pcsc,Final Exam Scheduling and Classroom Assignment Using Late Acceptance Hill Climbing,2015,"Earl Jay F. Ledesma, Marie Yvette B. de Robles"
pcsc,Traffic Prediction for the Major Roads in EDSA using Feed-Forward Backpropagation Neural Networks,2015,"Emilio Angelo D. Alindogan, Jerry Y. Hom, Febrev F. Dela Cruz, Melissa P. Juanillo, Ma. Christina R. Aragon, Mark Lorenz F. Eustaquio"
pcsc,Developing a Language Identification System for Eleven Philippine Languages: Using True Positives to Measure Language Similarity,2015,"Nathaniel Oco, Allain Paolo Hiya, Sony Renz Manalo, Manolito Octaviano Jr., Ryan Christopher Pinca"
pcsc,A semantic model for evaluating essays using reflective random indexing,2015,"Reinald Kim Amplayo, Jason Occidental"
pcsc,Identification of Philippine Algae Species from Images using Naive Bayes Classifier,2015,"Krystel Arriane A. Cortez, Katrina Joy H. Magno"
pcsc,Determining the Correlation Between Concentration Levels and the Visual Features of Algae in Water Surfaces,2015,"Aaron Spencer K. Ngo, John Darill B. Desingco, Macario O. Cordel II, Roger Luis Uy, Prane Mariel B. Ong, Eric R. Punzalan, Joel P. Ilao"
pcsc,A split Bregman method for removing impulse noise,2015,Marrick C. Neri
pcsc,Minimization of a restricted l1 TV model by interior point method,2015,"Rachel Anne G. Concepcion, Marrick C. Neri"
pcsc,Analyzing Brainwave Signals using Supervised Learning Algorithms for Affect-based Student Modeling,2015,"Tita R. Herradura, Merlin Teodosia C. Suarez"
pcsc,A Quality Framework on Contextual Challenges in Online Distance Education for Developing Countries,2015,"Raymund E. Dilan, Proceso Fernandez Jr"
pcsc,Virtual Learning Environment Implementation Framework of Mariano Marcos State University,2015,"Wilben Christie R. Pagtaconan, Cecilia A. Mercado"
pcsc,An Investigation of the Relationship Between Programmer Annotations and Self-Efficacy and their Static Code Reading and Tracing Skills,2015,"Josephine S. Dela Cruz, Ma. Mercedes T. Rodrigo"
pcsc,Confusion and Compilation Logs: A Study of Novice Programmer Experiences,2014,Teresita Paccarangan
pcsc,Word Prediction and Correction on EEG-Based Text Entry Interface for Handicapped Person using ANN Model,2014,"Jessie Brian Unabia Revil, Mark Allen Secreto Saclot"
pcsc,Delaying ARP Poisoning using an Active Network-Based Technique,2014,"Alexis Pantola, Deanne Erika Buena, Clarissa Mae Garcia, Celine Villafuerte, Allison Mae Yu"
pcsc,A Neural Network Mood-Drivern Pervasive and Personal Learning Environmental Model for Autistic Learners,2014,Thelma Domingo-Palaoag
pcsc,Genetic Algorithm Experiments in Classical Melody Generation,2014,"Maria Katrina Donato, Nethania Katrina Surtida, Charles Jansen Ignacio, Andrei D. Coronel"
pcsc,Modelling and Detecting Emotions of Filipino Laughter using Audio Signal,2014,"Ramon Rodriguez, Faramarz Ataollahi, Rafael A. Cabredo"
pcsc,Recupera: A Home-Based Post-Stroke Rehabilitation using the Kinect Sensor for Active Patients,2014,"Kenneth Royce Brigola, Christine Joy Infante, Paolo Josef, Annalyn Reganit, Juan Lorenzo Hagad, Merlin Teodosia C. Suarez"
pcsc,Optimizing Cost Function of Histogram of Oriented Gradient-based INRIA Dataset,2014,"Roger Luis Uy, Joel D. Ilao, Rafael A. Cabredo"
pcsc,Using machine learning to detect pedestrian locomotion from sensor-based data,2014,"Courtney Ngo,Solomon See, Roberto Legaspi"
pcsc,Filipino Emotion Classification in Speech Signals based on Audio Features and Transcribed Text,2014,"Ramon Rodriguez, Joel P. Ilao"
pcsc,Usability of RIANT: A Web-Based Visual Development Software for JavaScript-Based Rich Internet Applications,2014,"Rex Bringula, Aaron Noel De Leon, Daryll Santos, Jose Mari Ramos, Sean Michael Amador, Roselle S. Basa"
pcsc,A Comparison of Sounds Produced by People with and without Hearing Impairment using an Acoustic-to-Articulatory Inversion Model for the Creation of a Visual Articulatory Feedback System,2014,"Natalie Agustin, Solomon See"
pcsc,Generating Dietary Patterns for Type II Diabetes Mellitus Out-Patient using Constraint Logic Programming,2014,"Ma. Anne Therese Musong, Zyra Bravo"
pcsc,Modeling DoS Attacks Using Machine Learning,2014,"Gregory Cu, Jocelynn Cu, Fili Emerson Chua, Nikkol John Morales, John Lawrence Peñafiel, Jeno Paolo Rigor"
pcsc,Building an Agreement-Objection Corpus using a Gamified Framework,2014,"Thomas James Tiam-Lee, Solomon See"
pcsc,A Mobile Authoring Tool for Augmented Reality Content Generation Using Images as Annotations,2014,"Jayzon Ty, Ma. Mercedes T. Rodrigo, Marc Ericson Santos"
pcsc,A Comparative Analysis of Different Distance Metrics from Different Families at Various Feature Reduction Levels Applied to Bach Chorales,2014,"Jonathan Audric Matias, Regine Danica Regino,  Christine Faith Tango, Andrei D. Coronel"
pcsc,Using Document Formatting Information to Improve Neural Network-Based Keyword Extraction,2014,"Paolo Tensuan, Arnulfo Azcarraga"
pcsc,Document Filtering and Cleaning: N-gram based Language Identification and Rule-based Grammar Checking,2014,"Nathaniel Oco, Leif Romeritch Syliongka, Rachel Edita Roxas, Joel P. Ilao"
pcsc,Creating Affect Models of Autism Individuals using Music Features and Physiological Readings,2014,"Mauro Edmund Arce, Marvin Limson, Michelle Ormoc, Lawrence Yap, Merlin Teodosia C. Suarez"
pcsc,Exploring the Behavior of Novice Programmers’ EEG Signals for Affect-based Student Modeling,2014,"Tita R. Herradura, Merlin Teodosia C. Suarez, Joel P. Ilao"
pcsc,TCP-Friendly Rate Control for WebRTC SCTP DataChannels,2014,"Conrad Olega, Aaron Manaloto, Karlo Soriano, Cedric Festin"
pcsc,Orange: A Content and Location Aware P2P-CDN Architecture with Integrated RTT-Bandwidth Based Peer Selection Protocol for Video-On-Demand Streaming,2014,"Cedric Festin, Fatima Suzanne G. De Villa, Anna Janeri B. Ongcol, Bryan Adam B. Tan"
pcsc,RHIA: Building a Music Provision System for College Students Based on Stress Levels,2014,"Maritoni Escalona, Ricco Laxamana, Kevin Pagtakhan, Edward Tighe, Merlin Teodosia C. Suarez, Rhia Trogo"
pcsc,Feature Selection for Developing a Detection Strategy against Tamper of Grades from Malicious Insiders,2014,"John Roy Geralde, Kardi Teknomo"
pcsc,A Collaborative Resource Allocation Scheme for P2P Live Streams,2014,"Joshua Castañeda, Elijah Joshua Cayabyab, Jonathan Danao, Cedric Festin"
pcsc,Automated Karyotyping using Digital Image Analysis,2014,"Adrian John Biton, Marie Yvette de Robles"
pcsc,On Improving HTML5 Remote Desktop: An Encoding Solution At The Gateway Level,2014,"Joseph Benjamin Ferrer, Anthony Brian Dy, Christian Edensor Arbon, Cedric Festin"
pcsc,Exploring Similarity of Lexical Features of C++ Programs,2014,"Kier Sostenes Guevara, Redan Benedict Alcaide, Allan A. Sioson"
pcsc,SAME: An Extended Semantic-Aware Multi-tiered Source Deduplication Framework on Cloud Backup,2014,"Francis Bien Jan Viernes, Chynna Julia Cordevilla, Rafael Gerard Formes, Cedric Festin"
pcsc,Underwater Image Texture Segmentation using K-Statistical-Moment Means,2014,"Val Randolf Madrid, Renior Abrea"
pcsc,Effects of Feature Weighting Techniques for Melodic Classification,2014,"Jazmine Paola B. Barroga, Roland Joseph M. Gudani, Miguel Paolo M. Quijano"
pcsc,An algorithm for the shortest common superstring given a set of strings containing errors,2014,"Francis Jomer Gallardo, Armina Francisco"
pcj,Discovery Approximate Gene Clusters as a Minimum-Weighted Clique Problem,2018,"Geoffrey Solano, Bianca Camille Silmaro, Sun Arthur Ojeda, Jaime DL Caro"
pcj,Analyses on a Modified Inexact Primal-Dual Method for Removing Multiplicative Noise,2018,"Nicole Marie T. Del Rosario, Marrick C. Neri"
pcj,Calculating Internal Rate of Return (IRR) in Practice using Improved Newton-Raphson Algorithm,2018,"Nerio Pascual, Ariel Sison, Bobby Gerardo, Ruji Medina"
pcj,Design Implementation and Evaluation of a Scanned Filipino Text-to-Speech Device as a Reading Aid for the Blind and Visually Impaired,2018,"Christian Paulo De Leon, Allan Adrian Gatchalian, Juan Miguel Ninobla, Nigel Roi Concepcion, David Joseph Catemprate, Ronald Pascual"
pcj,Developing an Automated Pipeline for Information Extraction and Speech Classification from Floor Debate Records of the House of Representatives of the Philippines,2018,"Carlos Alberto Arcenas, Miguel Galace, Marlene De Leon"
pcj,Automated Text Summarization of Research Papers Regarding the Effectiveness of Various Treatment Plans for Leukemia,2018,"Jan Apolline Estrella, Christian Philip Gelera, Christian Quinzon, Ethel Ong, Mc Jervis Villaruel, Edlen Mari Sanchez"
pcj,Extracting and Classifying Events from Social Media Posts for Life Story Generation,2018,"Robee Khyra Mae J. Te, Janica Mae M. Lam, Camille Alexis T.R. Saavedra, Alden Luc R. Hade, Ethel Ong"
pcj,Is there a Philippine English Vowel Space?,2018,"Nivea Jane Urdas, Jhon Rick Salvedia, Drew Dolot, John Meynard Sanchez, Jay Chester Usero, Ava Marie Villareal, Dewi Retnoningsih"
pcj,Optimal Allocation of Investment to Maximize an Insurer's Prospect Value Under Risk with Exponential Claims,2017,"Adrian R. Llamado, Jonathan B. Mamplata"
pcj,Split Bregman Iterations on Regularzied L1 Total Variation Models,2017,Marrick C. Neri
pcj,"Speech Emotion Recognition: Features, Techniques, and Evaluation",2017,Maria Art Antonette Clariño
pcj,Towards the Development of a Rule-Based Filipino Morphological Analyzer and Generator,2017,"Kristine Mae M. Adlaon, Charibeth Cheng, Maristella Aquino, Ervin Fernandez, Kevin Villanueva"
pcj,Design and Evaluation of a Reading Miscue Detector for a Computer-Aided Ilocano Language Learning System,2017,"Emmanuel M. Malaay, Michael B. Simora, Ronald John O. Cabatic, Ronald M. Pascual, Anthony B. Castillo, Ayman P. Cabotaje"
pcj,An Analysis of Network Activity in a Public University,2016,"Rozano S. Maniaol, Danilo J. Mercado"
pcj,Goal Programming Approach to Production Planning of a Roll Formaing Plant in the Philippines,2016,"Nilo T. Dela Cruz II, Gimelle B. Gamilla, Allen L. Nazareno"
pcj,Reflections on the Awareness and Progress of Natural Language Processing (NLP) Research in the Philippines,2016,Rodolfo Raga Jr
pcj,Clustering Different Philippine Languages using Trigrams,2016,"Angelica H. Dela Cruz, Maria Cristina P. Co, Adrian Martin S. Sy, Nathaniel Oco"
pcj,Towards an Extended Hybrid N-gram Grammar Checker Algorithm Applied in Filipino,2016,"Matthew Phillip Go, Allan Borra"
pcj,Automatic Text Summarization using ChainRank: A Hybrid Technique,2016,"Michael Angeles, Nathaniel Laxina, Maria Art Antonette Clariño, Rizza Mercado"
pcj,Using Statistical Machine Translation for Style and Grammar Correction,2016,"Manolito Octaviano Jr, Nathaniel Oco, Allan Borra"
pcj,"Meron o Mayroon: An Exploratory Study on Hiligaynon and Tagalog ""Diphthongs""",2016,"Diane Manzano, Samantha Jade Sadural"
pcj,On Self-Reproducibility and Reoptimization of Closest Substring Problem,2015,"Jeffrey A. Aborot, Henry N. Adorna, Jhoirene B. Clemente"
pcj,Homogeneous and other Weight Functions,2015,"Jane D. Palacio, Pierre Allan K. Santiago, John Paul V. Guim"
pcj,Graph an Information Theoretic Analysis of Correlation between Stock Market Indices,2015,"Gabriel Dominik E. Sison, Ulyses A. Solon Jr, Aimee B. Rarugal, Guido David, Giovanni A. Tapang"
pcj,A System for Sensing Human Sentiments to Augment a Model for Predicting Rare Lake Events,2015,Jaderick P. Pabico
pcj,Multi-Campus Implementation of University Information Systems,2015,"Jaime DL Caro, Rommel P. Feria, Ariel S. Betan, Annette G. Lagman, Rowena C. Solamo, Paulo Noel G. Paje"
pcj,String Matching Using Quantum Fourier Transform,2015,"Jeffrey A. Aborot, Henry N. Adorna"
pcj,Permutation Entropy of Card Shuffling,2015,Guido David
pcj,Notes on Language Relations among Transition P Systems,2015,"Richelle Ann B. Juayong, Henry N. Adorna, Kelvin C. Buno, Francis George C. Cabarle"
pcj,Synchronization of Ad Hoc Clock Networks,2015,Jaderick P. Pabico
pcj,An Algorithm for Propagating Graceful Trees Using the Adjacency Matrix of Given Graceful Trees,2014,"Marjo-Anne B. Acob, Jean O. Loyola"
pcj,System of Automata Recognizing Languages,2014,Kelvin C. Buno
pcj,On Communication Complexity of Some Hard Problems in ECPe Systems with Priority,2014,"Sherlyne L. Francia, Denise Alyssa A. Francisco, Richelle Ann B. Juayon, Henry N. Adorna"
pcj,Some Heuristics for the 2-Poset Cover Problem,2014,"Gabriel Alberto A. Sanchez, Proceso Fernandez Jr, John Paul C. Vergara"
pcj,Solving the Optimal Three-Stage Periodic Inventory Policy Using an Algorithm Coded in C#,2014,"Rodolfo Raga Jr, Jennifer D. Raga"
pcj,"Automated Planning of Children's Stories using Causal Links, Agents and Commensense Ontology",2014,"Ethel Ong, Jasmine Irene Ng"
pcj,Community Structure Detection and Analysis in Disaster Related Tweets,2014,"Harriet Angelie A. Gonzales, Kurt Junshean P. Espinosa"
pcj,Composer Classification of Filipino Song Lyrics Using Machine Learning,2014,"Oliver Isaac L. Chan, Patrick Joseph M. Sadornas, Rafael A. Cabredo, Charibeth Cheng"
pcj,Disaster-Related Participant Tweet Identification Using SVM,2014,"Lemuel John Beduya, Kurt Junshean P. Espinosa"
pcj,Generating Text Descriptions in the Alex Interactive Storytelling System using a Semantic Ontology,2014,"Rancelli Jane Roxas, Dollen Lour Huang, Bruce Elmer Peralta, Sahnir Yap, Ethel Ong"
pcj,Some Observations on the Sociophonetics of Kapampangan,2014,"Anne Grace H. Peralta, Layton Jan M. Tee"
pcj,Toward an Optimal Multilingual Natural Language Generator: Deep Source Analysis and Shallow Target Analysis,2014,"Tod Allman, Stephen Beale, Richard Denton"